SantiPingui58,Argentina
Azur0n,UnitedStates
Ridnell,UnitedStates
FloppehFeesh,UnitedStates
Taterz,Belgica
Jakubusso,Polonia
NexByte,Spain
Jecth,Portugal
Jasco,UnitedStates
Squatman99,Canada
Watson610,Alemania
Yvsen,Austria
Morgan_Ladimore,Serbia
Eteto,Alemania
Azur0n,UnitedStates
Ninja__k,UnitedStates
knusper77,Alemania
fight2build,UnitedStates
Ultramegazord,Portugal
Ethan2098,UnitedStates
WorldBuilder_,Canada
edmicester,UnitedStates
Puddinger,Alemania
Jack_Limestone,UnitedStates
Siegessch,Austria
SaberTTiger,UnitedStates
Jugernugget,UnitedStates
Apex156,UnitedStates
Tucoz,UnitedStates
Sanne_Chan,Holanda
Migga,UnitedStates
Neil_,UnitedKingdom
Veirra,Filipinas
onyxapple,UnitedStates
Triffuny,Mexico
Skefull,UnitedStates
_Nost,Canada
JoelSpanish,Spain
MrPengi,Suecia
aalidscraft,Suecia
Max9874,UnitedKingdom
Drummerocking,UnitedStates
addi2111,Alemania
Preloa,Alemania
RinesThaix,Rusia
Cake_Squid,UnitedStates
Nost,UnitedStates
Shaxd,Alemania
iMincraft,Spain
Wezaz,Suecia
ExodePendragon,UnitedStates
_McYvar_Holanda
zeldabjorn,Holanda
SucroDaddy,Rusia
alfi3003,Italia
ShadowFlames,UnitedKingdom
danster815,Alemania
ForeverFearless,UnitedStates
collectics,UnitedStates
Soper_Tofu,UnitedStates
Pyrious,UnitedStates
Felxon_,UnitedStates
Fr0sti,UnitedStates
Minetelligence,UnitedStates
Super_Tofu,UnitedStates
